{"coco/bbox_mAP": 0.173, "coco/bbox_mAP_50": 0.432, "coco/bbox_mAP_75": 0.076, "coco/bbox_mAP_s": 0.001, "coco/bbox_mAP_m": 0.164, "coco/bbox_mAP_l": 0.246, "data_time": 0.15052964731499, "time": 0.3770496337502091}