{"coco/bbox_mAP": 0.536, "coco/bbox_mAP_50": 0.961, "coco/bbox_mAP_75": 0.538, "coco/bbox_mAP_s": 0.106, "coco/bbox_mAP_m": 0.519, "coco/bbox_mAP_l": 0.62, "data_time": 0.15160193045934042, "time": 0.38627333331991126}