{"base_lr": 0.01, "lr": 0.00030303030303030303, "data_time": 1.9678810596466065, "loss": 1.5294142246246338, "loss_cls": 0.0, "loss_obj": 0.28978208899497987, "loss_bbox": 1.2396321535110473, "time": 3.8269091606140138, "epoch": 1, "iter": 5, "memory": 2565, "step": 5}
{"base_lr": 0.01, "lr": 0.0006818181818181819, "data_time": 1.6059135675430298, "loss": 1.478165292739868, "loss_cls": 0.0, "loss_obj": 0.2777988642454147, "loss_bbox": 1.2003664314746856, "time": 2.7232912302017214, "epoch": 1, "iter": 10, "memory": 1219, "step": 10}
{"base_lr": 0.01, "lr": 0.0010606060606060605, "data_time": 1.4780131657918294, "loss": 1.401018484433492, "loss_cls": 0.0, "loss_obj": 0.26088182429472606, "loss_bbox": 1.1401366591453552, "time": 2.342278512318929, "epoch": 1, "iter": 15, "memory": 1219, "step": 15}
{"base_lr": 0.01, "lr": 0.0014393939393939393, "data_time": 1.4094530105590821, "loss": 1.3657135874032975, "loss_cls": 0.0, "loss_obj": 0.25071442499756813, "loss_bbox": 1.1149991601705551, "time": 2.1424493074417112, "epoch": 1, "iter": 20, "memory": 1219, "step": 20}
{"base_lr": 0.01, "lr": 0.0018181818181818182, "data_time": 1.6157771110534669, "loss": 1.383078429698944, "loss_cls": 0.0, "loss_obj": 0.23737608671188354, "loss_bbox": 1.1457023429870605, "time": 2.269285936355591, "epoch": 1, "iter": 25, "memory": 1219, "step": 25}
{"base_lr": 0.01, "lr": 0.002196969696969697, "data_time": 1.5846551497777304, "loss": 1.347285266717275, "loss_cls": 0.0, "loss_obj": 0.22396877259016038, "loss_bbox": 1.1233164946238199, "time": 2.187734293937683, "epoch": 1, "iter": 30, "memory": 1219, "step": 30}
