{"coco/bbox_mAP": 0.431, "coco/bbox_mAP_50": 0.79, "coco/bbox_mAP_75": 0.447, "coco/bbox_mAP_s": 0.0, "coco/bbox_mAP_m": 0.432, "coco/bbox_mAP_l": 0.635, "data_time": 0.5396697521209717, "time": 0.7785243012688376}